time,emg
0.014020204544067383,399.0
0.025905847549438477,405.0
0.03243899345397949,386.0
0.036859989166259766,382.0
0.04421496391296387,405.0
0.052336931228637695,413.0
0.0605320930480957,416.0
0.06493806838989258,415.0
0.07159018516540527,423.0
0.07656025886535645,430.0
0.08010292053222656,423.0
0.08433198928833008,425.0
0.08870196342468262,420.0
0.0939781665802002,438.0
0.09857010841369629,413.0
0.10372710227966309,416.0
0.11094903945922852,412.0
0.11564207077026367,386.0
0.12012004852294922,415.0
0.12409806251525879,413.0
0.1292591094970703,418.0
0.13441896438598633,411.0
0.13876914978027344,417.0
0.14403891563415527,429.0
0.14764690399169922,420.0
0.1557309627532959,424.0
0.16035103797912598,422.0
0.16417717933654785,417.0
0.168687105178833,423.0
0.17360210418701172,402.0
0.17805910110473633,417.0
0.18230199813842773,415.0
0.18652606010437012,414.0
0.19102096557617188,392.0
0.19613313674926758,424.0
0.20124101638793945,397.0
0.20536398887634277,398.0
0.21034502983093262,431.0
0.21521306037902832,422.0
0.22028803825378418,429.0
0.2276301383972168,429.0
0.23263311386108398,437.0
0.23733806610107422,434.0
0.24221587181091309,438.0
0.24651122093200684,425.0
0.2510190010070801,424.0
0.2559530735015869,419.0
0.26390814781188965,422.0
0.2687680721282959,419.0
0.2739379405975342,423.0
0.2788548469543457,418.0
0.2849910259246826,425.0
0.2902379035949707,432.0
0.2960541248321533,421.0
0.3009059429168701,424.0
0.3064429759979248,427.0
0.3152000904083252,423.0
0.3215169906616211,415.0
0.32616186141967773,422.0
0.3323550224304199,427.0
0.3378770351409912,423.0
0.3432130813598633,427.0
0.34894514083862305,420.0
0.353762149810791,420.0
0.35978007316589355,427.0
0.3652369976043701,420.0
0.37064123153686523,413.0
0.3764960765838623,395.0
0.3814070224761963,424.0
0.38977885246276855,423.0
0.39828920364379883,424.0
0.4030020236968994,429.0
0.40770888328552246,425.0
0.41387009620666504,430.0
0.41957998275756836,422.0
0.42417311668395996,440.0
0.4304029941558838,423.0
0.436445951461792,416.0
0.44432616233825684,410.0
0.4508202075958252,413.0
0.45583415031433105,426.0
0.4611940383911133,436.0
0.4690711498260498,426.0
0.4743640422821045,412.0
0.47902894020080566,431.0
0.4863009452819824,435.0
0.4936981201171875,434.0
0.4990499019622803,437.0
0.5033860206604004,442.0
0.5077970027923584,441.0
0.5123331546783447,443.0
0.5191860198974609,422.0
0.5245199203491211,442.0
0.5290491580963135,442.0
0.5355350971221924,414.0
0.5408399105072021,439.0
0.5450198650360107,441.0
0.5488660335540771,437.0
0.5528850555419922,446.0
0.5568041801452637,435.0
0.5650320053100586,441.0
0.5725791454315186,442.0
0.5803871154785156,452.0
0.5853061676025391,438.0
0.5896749496459961,439.0
0.5975899696350098,439.0
0.6058909893035889,436.0
0.6143691539764404,438.0
0.6221601963043213,437.0
0.6269481182098389,435.0
0.6315581798553467,438.0
0.6399209499359131,439.0
0.6481170654296875,442.0
0.6558091640472412,452.0
0.6605820655822754,449.0
0.6648590564727783,433.0
0.6725811958312988,451.0
0.680962085723877,449.0
0.6887679100036621,449.0
0.6943931579589844,441.0
0.6993861198425293,447.0
0.7044651508331299,441.0
0.7094311714172363,446.0
0.7142541408538818,440.0
0.7224340438842773,436.0
0.7278909683227539,441.0
0.7326021194458008,417.0
0.7375900745391846,425.0
0.7425780296325684,431.0
0.7473762035369873,429.0
0.7523951530456543,437.0
0.7570230960845947,438.0
0.7618749141693115,435.0
0.7693400382995605,428.0
0.7769489288330078,415.0
0.7830390930175781,427.0
0.7879931926727295,427.0
0.7925050258636475,402.0
0.797227144241333,432.0
0.8021690845489502,401.0
0.8074748516082764,412.0
0.8125119209289551,425.0
0.8174400329589844,404.0
0.821890115737915,424.0
0.8275060653686523,430.0
0.832118034362793,430.0
0.8370280265808105,425.0
0.8445971012115479,407.0
0.8509790897369385,420.0
0.8565502166748047,425.0
0.8643741607666016,426.0
0.8722009658813477,426.0
0.8776760101318359,419.0
0.8825240135192871,424.0
0.8873729705810547,427.0
0.8947179317474365,420.0
0.9006800651550293,423.0
0.9053239822387695,422.0
0.9105982780456543,426.0
0.915952205657959,419.0
0.9215590953826904,423.0
0.9265038967132568,425.0
0.9317619800567627,426.0
0.9369668960571289,423.0
0.9424939155578613,421.0
0.9476542472839355,412.0
0.9558432102203369,422.0
0.9639990329742432,396.0
0.9689028263092041,394.0
0.9744200706481934,416.0
0.9795639514923096,420.0
0.9847071170806885,418.0
0.9898710250854492,397.0
0.9972960948944092,416.0
1.0026822090148926,430.0
1.007277011871338,432.0
1.012303113937378,438.0
1.019585132598877,415.0
1.0277209281921387,432.0
1.0363152027130127,439.0
1.0444579124450684,433.0
1.052433967590332,436.0
1.0574100017547607,431.0
1.062596082687378,403.0
1.0678520202636719,429.0
1.0731561183929443,438.0
1.0810270309448242,432.0
1.0898940563201904,431.0
1.097620964050293,429.0
1.1056311130523682,424.0
1.110856056213379,436.0
1.1158630847930908,436.0
1.1205830574035645,429.0
1.1274681091308594,430.0
1.1326401233673096,427.0
1.1378870010375977,424.0
1.1435949802398682,421.0
1.1492459774017334,404.0
1.1548302173614502,419.0
1.1598541736602783,417.0
1.1650030612945557,414.0
1.173220157623291,414.0
1.1817569732666016,388.0
1.1905879974365234,415.0
1.1962292194366455,412.0
1.200969934463501,418.0
1.2059390544891357,421.0
1.2139520645141602,403.0
1.219482183456421,425.0
1.2243571281433105,430.0
1.2298071384429932,409.0
1.2350530624389648,432.0
1.2403180599212646,433.0
1.2455511093139648,425.0
1.252885103225708,408.0
1.260699987411499,426.0
1.2662971019744873,417.0
1.2712900638580322,422.0
1.276465892791748,409.0
1.2816619873046875,413.0
1.286649227142334,416.0
1.2940170764923096,408.0
1.2997691631317139,413.0
1.3047940731048584,417.0
1.3100330829620361,414.0
1.31498384475708,419.0
1.3226292133331299,418.0
1.3306539058685303,422.0
1.3356430530548096,419.0
1.341214895248413,423.0
1.3465540409088135,417.0
1.351923942565918,419.0
1.3570349216461182,419.0
1.362001895904541,421.0
1.3697690963745117,423.0
1.3760480880737305,426.0
1.380918025970459,431.0
1.3888421058654785,431.0
1.394183874130249,434.0
1.3988161087036133,429.0
1.4046690464019775,430.0
1.4103429317474365,435.0
1.415884017944336,434.0
1.421462059020996,443.0
1.4269051551818848,435.0
1.4323079586029053,439.0
1.4375019073486328,435.0
1.4428861141204834,438.0
1.4477040767669678,434.0
1.4556620121002197,435.0
1.4609200954437256,435.0
1.465928077697754,433.0
1.471067190170288,428.0
1.476754903793335,430.0
1.4821250438690186,428.0
1.487644910812378,429.0
1.4929862022399902,430.0
1.4982929229736328,432.0
1.5059750080108643,437.0
1.5137779712677002,436.0
1.5195891857147217,433.0
1.5270469188690186,443.0
1.5328178405761719,438.0
1.5383710861206055,444.0
1.543929100036621,422.0
1.5493381023406982,442.0
1.5547809600830078,441.0
1.5605199337005615,441.0
1.565934181213379,442.0
1.5717661380767822,447.0
1.5775580406188965,441.0
1.58274507522583,444.0
1.5876998901367188,438.0
1.5927481651306152,437.0
1.5983350276947021,442.0
1.6068990230560303,437.0
1.6122920513153076,412.0
1.6202611923217773,438.0
1.626561164855957,439.0
1.631572961807251,442.0
1.6397969722747803,435.0
1.648488998413086,434.0
1.6538569927215576,433.0
1.6593022346496582,429.0
1.6648080348968506,401.0
1.6734819412231445,424.0
1.679382085800171,428.0
1.6846568584442139,416.0
1.6900880336761475,422.0
1.698801040649414,424.0
1.7052490711212158,402.0
1.7113630771636963,417.0
1.7192671298980713,405.0
1.7271180152893066,417.0
1.732564926147461,398.0
1.7382290363311768,421.0
1.7446410655975342,421.0
1.752120018005371,410.0
1.7579290866851807,427.0
1.76387619972229,427.0
1.7700119018554688,436.0
1.7763981819152832,427.0
1.7819478511810303,425.0
1.787644863128662,401.0
1.793107032775879,421.0
1.7984671592712402,420.0
1.8072729110717773,418.0
1.8131930828094482,417.0
1.8194150924682617,394.0
1.8270609378814697,417.0
1.8333120346069336,427.0
1.8390440940856934,424.0
1.8448450565338135,431.0
1.8526599407196045,435.0
1.8593029975891113,431.0
1.865004062652588,435.0
1.8736560344696045,432.0
1.8792510032653809,435.0
1.8845419883728027,430.0
1.8898911476135254,432.0
1.8981680870056152,427.0
1.9071969985961914,431.0
1.9130561351776123,419.0
1.9191129207611084,429.0
1.9274089336395264,427.0
1.9365298748016357,427.0
1.9428448677062988,433.0
1.9483630657196045,430.0
1.957962989807129,429.0
1.9646201133728027,433.0
1.9734158515930176,430.0
1.9823110103607178,404.0
1.9879119396209717,429.0
1.9937701225280762,431.0
1.9991869926452637,425.0
2.0055370330810547,432.0
2.0119402408599854,432.0
2.018141031265259,432.0
2.0240561962127686,439.0
2.029973030090332,443.0
2.0363941192626953,440.0
2.0446178913116455,440.0
2.0513570308685303,440.0
2.0576682090759277,437.0
2.063825845718384,435.0
2.0700440406799316,438.0
2.0762600898742676,439.0
2.082289934158325,439.0
2.0882351398468018,430.0
2.0938689708709717,425.0
2.0997581481933594,429.0
2.1057660579681396,420.0
2.1148030757904053,400.0
2.1233110427856445,427.0
2.131922960281372,424.0
2.137454032897949,421.0
2.1429450511932373,425.0
2.149456262588501,425.0
2.1549508571624756,432.0
2.1614389419555664,429.0
2.169569969177246,433.0
2.1764321327209473,429.0
2.1821370124816895,432.0
2.1882219314575195,417.0
2.194432020187378,426.0
2.2009761333465576,429.0
2.2073159217834473,419.0
2.213386058807373,421.0
2.2196202278137207,417.0
2.2278311252593994,415.0
2.234282970428467,415.0
2.2405481338500977,420.0
2.2463550567626953,405.0
2.2524900436401367,424.0
2.2607600688934326,421.0
2.2699599266052246,413.0
2.2768352031707764,423.0
2.282534122467041,419.0
2.288717031478882,399.0
2.2946770191192627,409.0
2.3027992248535156,418.0
2.309892177581787,417.0
2.3157429695129395,439.0
2.322132110595703,421.0
2.328792095184326,427.0
2.3354291915893555,418.0
2.3415911197662354,425.0
2.3477439880371094,403.0
2.3569819927215576,432.0
2.363028049468994,432.0
2.369093179702759,428.0
2.378073215484619,439.0
2.3854358196258545,434.0
2.3914942741394043,435.0
2.3971331119537354,423.0
2.4031240940093994,429.0
2.4093971252441406,428.0
2.415894031524658,428.0
2.4216129779815674,454.0
2.4278671741485596,432.0
2.4362308979034424,438.0
2.4455490112304688,430.0
2.4528751373291016,428.0
2.461635112762451,429.0
2.468973159790039,427.0
2.477830171585083,418.0
2.4851009845733643,431.0
2.490973949432373,429.0
2.4972870349884033,431.0
2.5041511058807373,432.0
2.510317087173462,433.0
2.5193350315093994,442.0
2.529237985610962,432.0
2.5367159843444824,420.0
2.5434958934783936,431.0
2.5527119636535645,425.0
2.5604400634765625,427.0
2.569767951965332,432.0
2.577059030532837,404.0
2.583116054534912,434.0
2.590008020401001,431.0
2.599522113800049,438.0
2.6063930988311768,445.0
2.6156742572784424,436.0
2.621833086013794,437.0
2.628253936767578,438.0
2.6345651149749756,430.0
2.6417579650878906,404.0
2.648560047149658,431.0
2.6549041271209717,432.0
2.6615819931030273,409.0
2.6702420711517334,426.0
2.6769280433654785,433.0
2.686656951904297,424.0
2.694127082824707,419.0
2.703603982925415,422.0
2.7111361026763916,423.0
2.720284938812256,429.0
2.7277309894561768,398.0
2.7346858978271484,428.0
2.74124813079834,423.0
2.747560977935791,428.0
2.7572500705718994,429.0
2.763808012008667,429.0
2.770550012588501,430.0
2.7767391204833984,430.0
2.783071994781494,439.0
2.7893829345703125,409.0
2.798923969268799,424.0
2.8058249950408936,426.0
2.8155980110168457,414.0
2.82236385345459,414.0
2.82932710647583,412.0
2.836390972137451,420.0
2.8430991172790527,396.0
2.849708080291748,424.0
2.8567731380462646,423.0
2.863206148147583,424.0
2.8694489002227783,425.0
2.877915859222412,434.0
2.8858461380004883,416.0
2.892841100692749,429.0
2.8991270065307617,428.0
2.905818223953247,428.0
2.914900064468384,430.0
2.924670934677124,437.0
2.9316821098327637,434.0
2.9413681030273438,433.0
2.947751045227051,438.0
2.957719087600708,435.0
2.964885950088501,433.0
2.9745290279388428,435.0
2.9810192584991455,434.0
2.9909350872039795,435.0
2.998025894165039,442.0
3.0075111389160156,438.0
3.014770984649658,433.0
3.0241951942443848,415.0
3.030574083328247,437.0
3.0370869636535645,436.0
3.043379068374634,439.0
3.0527749061584473,440.0
3.0606589317321777,434.0
3.0697460174560547,441.0
3.077332019805908,436.0
3.0869481563568115,432.0
3.0941309928894043,437.0
3.1033341884613037,433.0
3.111013174057007,431.0
3.119846820831299,427.0
3.1293420791625977,426.0
3.137176036834717,435.0
3.1440069675445557,432.0
3.1533119678497314,435.0
3.160865068435669,444.0
3.1699771881103516,443.0
3.177359104156494,450.0
3.1870369911193848,444.0
3.1948790550231934,420.0
3.2019269466400146,436.0
3.210921049118042,446.0
3.2182199954986572,436.0
3.225102186203003,434.0
3.2321321964263916,438.0
3.238858938217163,428.0
3.246054172515869,426.0
3.2531001567840576,434.0
3.261967182159424,425.0
3.269719123840332,421.0
3.2782959938049316,425.0
3.2857820987701416,424.0
3.2946219444274902,425.0
3.3017332553863525,426.0
3.307750940322876,428.0
3.3147199153900146,428.0
3.323789119720459,431.0
3.329962968826294,428.0
3.335970163345337,431.0
3.3452210426330566,423.0
3.3524811267852783,426.0
3.360987901687622,427.0
3.3680930137634277,428.0
3.374648094177246,407.0
3.3820180892944336,427.0
3.388892889022827,422.0
3.395242929458618,425.0
3.4024770259857178,406.0
3.4096131324768066,441.0
3.416369915008545,429.0
3.423405170440674,432.0
3.4307119846343994,401.0
3.437864065170288,424.0
3.445366144180298,419.0
3.45279598236084,429.0
3.4599859714508057,420.0
3.4667069911956787,421.0
3.4734981060028076,422.0
3.4803760051727295,423.0
3.487138032913208,424.0
3.494374990463257,425.0
3.503582000732422,426.0
3.511566162109375,411.0
3.5188329219818115,433.0
3.5280489921569824,431.0
3.536048173904419,433.0
3.542762041091919,410.0
3.549588918685913,417.0
3.557065963745117,438.0
3.5638091564178467,441.0
3.570726156234741,436.0
3.577531099319458,441.0
3.5870201587677,439.0
3.595197916030884,441.0
3.6019670963287354,419.0
3.611521005630493,450.0
3.6196961402893066,437.0
3.6264021396636963,435.0
3.633141040802002,437.0
3.640511989593506,429.0
3.6474361419677734,400.0
3.657543897628784,428.0
3.664781093597412,404.0
3.674124002456665,428.0
3.6817409992218018,439.0
3.68864107131958,434.0
3.6958260536193848,410.0
3.703195095062256,419.0
3.710660219192505,434.0
3.719825267791748,434.0
3.727940082550049,435.0
3.7369132041931152,439.0
3.7444961071014404,444.0
3.751195192337036,444.0
3.7583742141723633,440.0
3.7655959129333496,447.0
3.7724640369415283,446.0
3.7828540802001953,447.0
3.789808988571167,426.0
3.7996270656585693,442.0
3.807002067565918,444.0
3.8140389919281006,434.0
3.820869207382202,439.0
3.827765941619873,432.0
3.836374044418335,433.0
3.8433001041412354,416.0
3.852452039718628,419.0
3.8599140644073486,430.0
3.8664400577545166,428.0
3.8739991188049316,431.0
3.881549119949341,423.0
3.890897274017334,424.0
3.8974242210388184,423.0
3.9074361324310303,427.0
3.9143290519714355,428.0
3.924489974975586,424.0
3.930877923965454,424.0
3.94106125831604,396.0
3.9484500885009766,433.0
3.9544901847839355,420.0
3.9618980884552,405.0
3.9687891006469727,431.0
3.974565029144287,409.0
3.981398105621338,430.0
3.990457057952881,433.0
3.9972879886627197,430.0
4.003587007522583,432.0
4.011022090911865,423.0
4.019672155380249,415.0
4.027538061141968,426.0
4.034337043762207,428.0
4.040290117263794,425.0
4.047021150588989,431.0
4.053847074508667,413.0
4.0602381229400635,432.0
4.066387891769409,435.0
4.072115898132324,443.0
4.078987121582031,439.0
4.085479021072388,445.0
4.091517925262451,440.0
4.098506927490234,443.0
4.105445146560669,432.0
4.111721038818359,433.0
4.118924140930176,438.0
4.127833127975464,444.0
4.135015964508057,440.0
4.144750118255615,441.0
4.152501106262207,440.0
4.161807060241699,414.0
4.1687328815460205,435.0
4.1748809814453125,417.0
4.180937051773071,437.0
4.190831184387207,443.0
4.197389125823975,440.0
4.204222917556763,439.0
4.211129188537598,444.0
4.220306873321533,446.0
4.227888107299805,431.0
4.2342689037323,451.0
4.240900039672852,451.0
4.247505187988281,440.0
4.257075071334839,446.0
4.2638771533966064,441.0
4.270906209945679,446.0
4.2774951457977295,444.0
4.286458253860474,447.0
4.2933759689331055,444.0
4.300017833709717,437.0
4.3068060874938965,449.0
4.313441038131714,458.0
4.319674253463745,441.0
4.3284149169921875,450.0
4.336003065109253,448.0
4.342997074127197,452.0
4.350038051605225,445.0
4.355910062789917,443.0
4.365508079528809,444.0
4.372416019439697,443.0
4.382672071456909,414.0
4.389178037643433,431.0
4.398977041244507,439.0
4.405562162399292,433.0
4.412433862686157,438.0
4.419549942016602,426.0
4.428803205490112,436.0
4.4361841678619385,429.0
4.444965124130249,411.0
4.451858997344971,431.0
4.461094856262207,433.0
4.468529939651489,413.0
4.474571943283081,434.0
4.481284141540527,430.0
4.490606069564819,434.0
4.497282981872559,435.0
4.503443002700806,435.0
4.510150194168091,434.0
4.517033100128174,437.0
4.5235819816589355,442.0
4.529684066772461,440.0
4.535691976547241,436.0
4.5413360595703125,435.0
4.548098087310791,433.0
4.55740213394165,430.0
4.563585996627808,425.0
4.570009231567383,429.0
4.578481912612915,416.0
4.58570122718811,423.0
4.5945820808410645,402.0
4.6016881465911865,431.0
4.607587099075317,436.0
4.61431097984314,436.0
4.624089002609253,437.0
4.630843877792358,447.0
4.64075493812561,451.0
4.647226095199585,455.0
4.653923034667969,426.0
4.660723924636841,448.0
4.670217037200928,442.0
4.678548097610474,439.0
4.686139106750488,439.0
4.69333815574646,433.0
4.700042009353638,429.0
4.707932949066162,435.0
4.7155351638793945,440.0
4.721925258636475,440.0
4.72957706451416,445.0
4.737329006195068,446.0
4.744678258895874,449.0
4.751543998718262,423.0
4.76075291633606,460.0
4.768627882003784,445.0
4.778295993804932,441.0
4.786509037017822,446.0
4.793440103530884,440.0
4.803261041641235,451.0
4.810978174209595,447.0
4.819901943206787,449.0
4.82717490196228,447.0
4.836266994476318,449.0
4.844130992889404,444.0
4.851790189743042,452.0
4.858565092086792,446.0
4.864827871322632,430.0
4.875200986862183,448.0
4.882338047027588,444.0
4.8899431228637695,449.0
4.896498918533325,454.0
4.903455018997192,445.0
4.910654067993164,444.0
4.919837951660156,444.0
4.928116083145142,443.0
4.934391975402832,445.0
4.9413440227508545,445.0
4.948567152023315,443.0
4.955625057220459,443.0
4.962777137756348,443.0
4.9703919887542725,415.0
4.976474046707153,436.0
4.98247504234314,431.0
4.9891510009765625,437.0
4.999929189682007,438.0
5.0072150230407715,433.0
5.013996124267578,422.0
5.020781993865967,426.0
5.028026103973389,428.0
5.034941911697388,429.0
5.041148900985718,424.0
5.048094034194946,425.0
5.0586838722229,427.0
5.065570116043091,427.0
5.07135796546936,419.0
5.07786226272583,428.0
5.085170030593872,430.0
5.091108083724976,420.0
5.096940994262695,423.0
5.104109048843384,431.0
5.111409902572632,432.0
5.119810104370117,436.0
5.126646995544434,436.0
5.132340908050537,460.0
5.138803005218506,443.0
5.146385908126831,438.0
5.154283046722412,438.0
5.1616740226745605,430.0
5.168523073196411,433.0
5.175195217132568,433.0
5.182170152664185,433.0
5.189828157424927,437.0
5.196807861328125,438.0
5.204521894454956,435.0
5.212018013000488,437.0
5.217916965484619,412.0
5.223714113235474,417.0
5.230182886123657,444.0
5.2379279136657715,443.0
5.246012926101685,448.0
5.253393888473511,449.0
5.2601988315582275,449.0
5.267247200012207,428.0
5.274201154708862,448.0
5.281791925430298,450.0
5.2882349491119385,447.0
5.296373128890991,423.0
5.304605960845947,444.0
5.311806917190552,442.0
5.319061994552612,418.0
5.328365087509155,447.0
5.336026191711426,447.0
5.345043897628784,451.0
5.352530002593994,450.0
5.361670970916748,449.0
5.369516134262085,456.0
5.378328084945679,455.0
5.38829493522644,459.0
5.395542144775391,457.0
5.402390003204346,458.0
5.411534070968628,463.0
5.418951034545898,460.0
5.427802085876465,461.0
5.434818983078003,466.0
5.441336154937744,463.0
5.4482581615448,466.0
5.455088138580322,437.0
5.461990833282471,450.0
5.468740224838257,450.0
5.475178956985474,446.0
5.48218297958374,429.0
5.489051103591919,447.0
5.4994590282440186,453.0
5.505879163742065,451.0
5.515841960906982,454.0
5.522547960281372,452.0
5.532486200332642,451.0
5.539613962173462,431.0
5.549317121505737,449.0
5.556418180465698,423.0
5.565840244293213,479.0
5.57242226600647,444.0
5.582737922668457,427.0
5.588968992233276,448.0
5.59528923034668,452.0
5.602205038070679,445.0
5.611284971237183,449.0
5.619170188903809,447.0
5.628165245056152,452.0
5.635145902633667,451.0
5.641135215759277,449.0
5.648064136505127,443.0
5.657205104827881,450.0
5.663716077804565,431.0
5.670392036437988,449.0
5.676862001419067,454.0
5.68292498588562,452.0
5.689072132110596,451.0
5.695574998855591,452.0
5.702287197113037,457.0
5.711827039718628,450.0
5.718916177749634,433.0
5.725201845169067,462.0
5.7322680950164795,451.0
5.738839149475098,453.0
5.745857000350952,463.0
5.753062963485718,442.0
5.7624571323394775,441.0
5.769444227218628,466.0
5.776250123977661,455.0
5.782832145690918,434.0
5.789196968078613,452.0
5.798658132553101,450.0
5.805445194244385,455.0
5.812485218048096,447.0
5.81903600692749,447.0
5.828617095947266,453.0
5.835651159286499,451.0
5.843953847885132,455.0
5.8508501052856445,454.0
5.857053995132446,457.0
5.8635289669036865,457.0
5.870311975479126,456.0
5.8768651485443115,469.0
5.886659145355225,464.0
5.8942930698394775,469.0
5.903152942657471,468.0
5.910600900650024,462.0
5.9197869300842285,441.0
5.926932096481323,464.0
5.933074951171875,471.0
5.940068006515503,445.0
5.946854114532471,466.0
5.954082012176514,458.0
5.961106061935425,464.0
5.969901084899902,462.0
5.976943016052246,456.0
5.982993841171265,460.0
5.988731145858765,461.0
5.994609832763672,458.0
6.001627206802368,460.0
6.008186101913452,455.0
6.0147740840911865,465.0
6.02379298210144,459.0
6.030379056930542,471.0
6.036874055862427,454.0
6.043067932128906,447.0
6.049742221832275,455.0
6.055606126785278,446.0
6.062904119491577,430.0
6.069882154464722,455.0
6.076647043228149,445.0
6.083216190338135,440.0
6.0897321701049805,438.0
6.099032163619995,434.0
6.1058361530303955,429.0
6.115808963775635,434.0
6.12202000617981,435.0
6.128158092498779,444.0
6.135068893432617,445.0
6.142359972000122,445.0
6.148675203323364,443.0
6.155558109283447,446.0
6.162437200546265,445.0
6.169755220413208,446.0
6.176136016845703,443.0
6.183042049407959,437.0
6.1901140213012695,437.0
6.199702978134155,439.0
6.206958055496216,419.0
6.213268041610718,446.0
6.220679998397827,450.0
6.228020906448364,450.0
6.234505891799927,444.0
6.241474151611328,434.0
6.247359037399292,444.0
6.254831075668335,425.0
6.2615978717803955,437.0
6.267921209335327,443.0
6.275109052658081,433.0
6.281810998916626,441.0
6.288327932357788,440.0
6.295021057128906,446.0
6.301772117614746,438.0
6.307494163513184,444.0
6.313867092132568,440.0
6.3211588859558105,441.0
6.328199863433838,446.0
6.334619998931885,443.0
6.3403379917144775,432.0
6.3470141887664795,446.0
6.354419946670532,447.0
6.361972093582153,450.0
6.368361949920654,458.0
6.374505996704102,430.0
6.380174160003662,431.0
6.3881800174713135,455.0
6.395488023757935,433.0
6.4027180671691895,459.0
6.4095139503479,443.0
6.417047023773193,451.0
6.42339301109314,452.0
6.42988395690918,447.0
6.4369001388549805,423.0
6.4430460929870605,448.0
6.448814153671265,442.0
6.455687046051025,455.0
6.466130971908569,456.0
6.472375154495239,433.0
6.479014158248901,453.0
6.484951972961426,457.0
6.491889953613281,467.0
6.498211145401001,441.0
6.507575988769531,457.0
6.513872146606445,460.0
6.520801067352295,457.0
6.527223110198975,451.0
6.53615403175354,461.0
6.5435168743133545,465.0
6.549619913101196,462.0
6.555485010147095,454.0
6.5620081424713135,453.0
6.568532943725586,454.0
6.577852010726929,428.0
6.585498094558716,446.0
6.594363212585449,448.0
6.601629972457886,455.0
6.607341051101685,457.0
6.667104959487915,464.0
6.674065828323364,457.0
6.681379079818726,448.0
6.688583850860596,431.0
6.6947221755981445,469.0
6.7015650272369385,448.0
6.708626985549927,437.0
6.715334892272949,447.0
6.722580909729004,451.0
6.73183012008667,446.0
6.738961935043335,457.0
6.745924234390259,447.0
6.753029108047485,435.0
6.761742115020752,440.0
6.769118070602417,451.0
6.77574610710144,452.0
6.781589984893799,454.0
6.78804612159729,453.0
6.795336008071899,432.0
6.801983118057251,465.0
6.80850887298584,457.0
6.814960956573486,456.0
6.824842929840088,455.0
6.831239938735962,451.0
6.840431213378906,444.0
6.846851110458374,445.0
6.853466033935547,449.0
6.860356092453003,451.0
6.866530179977417,449.0
6.8724730014801025,457.0
6.8819661140441895,464.0
6.888401985168457,470.0
6.895051002502441,467.0
6.901511907577515,470.0
6.907757043838501,471.0
6.913856029510498,474.0
6.921169281005859,465.0
6.928493022918701,473.0
6.9349188804626465,468.0
6.941917896270752,465.0
6.948071002960205,469.0
6.954798221588135,457.0
6.961364030838013,466.0
6.968394041061401,463.0
6.9750142097473145,464.0
6.981823921203613,460.0
6.988220930099487,466.0
6.994956970214844,458.0
7.002161979675293,456.0
7.0113489627838135,459.0
7.018878936767578,465.0
7.024688959121704,458.0
7.030457019805908,458.0
7.036946058273315,451.0
7.042969226837158,466.0
7.049574136734009,459.0
7.056303024291992,462.0
7.065263032913208,461.0
7.0718700885772705,458.0
7.078521013259888,450.0
7.084458112716675,466.0
7.091062068939209,440.0
7.096800088882446,463.0
7.103858947753906,472.0
7.111149072647095,467.0
7.119703054428101,470.0
7.126739978790283,471.0
7.133432149887085,469.0
7.140017986297607,458.0
7.146511077880859,455.0
7.153029203414917,465.0
7.161251068115234,450.0
7.168468952178955,456.0
7.1753270626068115,451.0
7.182003021240234,450.0
7.18831205368042,449.0
7.194331169128418,451.0
7.201819181442261,456.0
7.2112791538238525,484.0
7.219191074371338,459.0
7.228899002075195,457.0
7.236392974853516,455.0
7.244740009307861,456.0
7.252372980117798,460.0
7.261544942855835,455.0
7.269092082977295,450.0
7.278321027755737,453.0
7.285918951034546,449.0
7.295483112335205,451.0
7.30318808555603,447.0
7.309985160827637,448.0
7.316590070724487,427.0
7.323523044586182,445.0
7.33050799369812,446.0
7.337169170379639,443.0
7.344497919082642,451.0
7.353693008422852,451.0
7.361078977584839,455.0
7.370447158813477,448.0
7.377446889877319,447.0
7.386857986450195,439.0
7.393971920013428,446.0
7.402897834777832,446.0
7.410264015197754,448.0
7.416155815124512,451.0
7.422589063644409,454.0
7.432370901107788,456.0
7.4391090869903564,453.0
7.448690891265869,468.0
7.454800128936768,465.0
7.461212873458862,461.0
7.468051910400391,457.0
7.474614143371582,441.0
7.480877161026001,458.0
7.490612030029297,457.0
7.49711012840271,464.0
7.504022121429443,462.0
7.510481834411621,444.0
7.5199549198150635,459.0
7.527438163757324,464.0
7.536594867706299,457.0
7.543972015380859,459.0
7.55282998085022,462.0
7.5595691204071045,444.0
7.566735029220581,460.0
7.573422193527222,459.0
7.58026385307312,457.0
7.587187051773071,460.0
7.59429407119751,459.0
7.603116989135742,429.0
7.609596014022827,431.0
7.616336107254028,452.0
7.6225762367248535,455.0
7.632215976715088,454.0
7.63884711265564,459.0
7.6451499462127686,454.0
7.6544189453125,457.0
7.662111043930054,464.0
7.669234991073608,468.0
7.677865028381348,471.0
7.684672117233276,467.0
7.6908040046691895,462.0
7.697534084320068,467.0
7.708225965499878,453.0
7.715622186660767,452.0
7.722020149230957,443.0
7.728786945343018,448.0
7.735681056976318,443.0
7.744888067245483,445.0
7.752514123916626,447.0
7.761616230010986,448.0
7.76868200302124,452.0
7.778432130813599,435.0
7.786014080047607,439.0
7.794957160949707,437.0
7.8024070262908936,451.0
7.811899185180664,425.0
7.819345235824585,441.0
7.82823920249939,441.0
7.835944890975952,442.0
7.845113039016724,444.0
7.852173089981079,449.0
7.860872030258179,446.0
7.8684961795806885,443.0
7.878259897232056,423.0
7.885440111160278,436.0
7.891402006149292,442.0
7.898323059082031,428.0
7.904957056045532,444.0
7.912248134613037,453.0
7.918996095657349,445.0
7.927634954452515,449.0
7.936769008636475,452.0
7.943711042404175,455.0
7.9496681690216064,454.0
7.9566991329193115,450.0
7.963639974594116,444.0
7.970668077468872,444.0
7.977833986282349,431.0
7.984638929367065,446.0
7.990775108337402,446.0
7.997239112854004,449.0
8.003936052322388,452.0
8.01111102104187,425.0
8.020072937011719,451.0
8.027390956878662,446.0
8.036371946334839,449.0
8.044154167175293,455.0
8.05358099937439,454.0
8.061040878295898,456.0
8.067918062210083,462.0
8.074061155319214,458.0
8.080902099609375,439.0
8.090364933013916,461.0
8.096379280090332,463.0
8.102932929992676,456.0
8.111642122268677,457.0
8.118793964385986,458.0
8.128114938735962,431.0
8.135345935821533,439.0
8.144740104675293,458.0
8.152356147766113,452.0
8.161890983581543,461.0
8.16930603981018,447.0
8.17794418334961,459.0
8.184547185897827,445.0
8.191536903381348,449.0
8.198212146759033,453.0
8.20719313621521,450.0
8.213281154632568,456.0
8.21962022781372,457.0
8.228435039520264,461.0
8.236162185668945,466.0
8.245308876037598,459.0
8.252835035324097,475.0
8.261193037033081,473.0
8.267906188964844,474.0
8.274703025817871,476.0
8.281499147415161,466.0
8.290848016738892,446.0
8.297486066818237,459.0
8.307493209838867,453.0
8.31468915939331,462.0
8.324508905410767,460.0
8.330891132354736,463.0
8.34112000465393,441.0
8.347965955734253,451.0
8.357935190200806,458.0
8.364851951599121,450.0
8.374696016311646,445.0
8.381685018539429,441.0
8.387974977493286,440.0
8.394287109375,448.0
8.402927160263062,442.0
8.409974098205566,449.0
8.416611194610596,439.0
8.422502994537354,441.0
8.43159818649292,445.0
8.43857216835022,452.0
8.445427894592285,453.0
8.451587200164795,453.0
8.461351871490479,454.0
8.469054937362671,463.0
8.477734088897705,457.0
8.484512090682983,456.0
8.490206003189087,459.0
8.496544122695923,453.0
8.502851009368896,448.0
8.509833097457886,448.0
8.516441106796265,445.0
8.522678136825562,439.0
8.532181024551392,446.0
8.539201974868774,441.0
8.5489022731781,442.0
8.554940938949585,422.0
8.561438083648682,449.0
8.57024621963501,451.0
8.577666997909546,451.0
8.58669900894165,448.0
8.593936204910278,449.0
8.600466966629028,446.0
8.606630086898804,449.0
8.613526105880737,450.0
8.620811939239502,450.0
8.62803316116333,460.0
8.634454011917114,452.0
8.640706062316895,438.0
8.646790266036987,438.0
8.653860092163086,455.0
8.660474061965942,455.0
8.670423030853271,457.0
8.678121089935303,463.0
8.68431806564331,459.0
8.690534830093384,453.0
8.696900129318237,463.0
8.704307079315186,457.0
8.711364030838013,457.0
8.717986106872559,453.0
8.72472095489502,452.0
8.731626987457275,448.0
8.740975141525269,448.0
8.747359037399292,423.0
8.753643989562988,444.0
8.76039719581604,448.0
8.766550064086914,451.0
8.77363896369934,456.0
8.779850006103516,450.0
8.786511182785034,454.0
8.79256820678711,459.0
8.799390077590942,464.0
8.805994033813477,457.0
8.815850973129272,459.0
8.822457075119019,463.0
8.832005262374878,459.0
8.838685035705566,458.0
8.84531307220459,455.0
8.851534128189087,435.0
8.85878300666809,447.0
8.865313053131104,445.0
8.872345209121704,420.0
8.882597208023071,444.0
8.889867067337036,439.0
8.899432897567749,440.0
8.905476093292236,441.0
8.91220211982727,437.0
8.918566942214966,436.0
8.924830913543701,441.0
8.931663036346436,440.0
8.93864107131958,433.0
8.945472955703735,444.0
8.952330112457275,444.0
8.961222171783447,423.0
8.968349933624268,439.0
8.974316120147705,438.0
8.980902910232544,443.0
8.990630149841309,443.0
8.997246026992798,419.0
9.003786087036133,441.0
9.010421991348267,444.0
9.019551992416382,441.0
9.026628017425537,441.0
9.032867193222046,440.0
9.039761066436768,437.0
9.049612045288086,413.0
9.056498050689697,435.0
9.06264615058899,437.0
9.069446086883545,431.0
9.076184034347534,431.0
9.082828998565674,436.0
9.089586019515991,427.0
9.099506855010986,432.0
9.106669187545776,430.0
9.1163489818573,440.0
9.122284173965454,440.0
9.128205060958862,446.0
9.13404107093811,447.0
9.140733003616333,442.0
9.147059917449951,443.0
9.154122114181519,442.0
9.161011934280396,438.0
9.169817209243774,419.0
9.176857233047485,445.0
9.186139106750488,425.0
9.193080186843872,446.0
9.199334859848022,441.0
9.20630407333374,438.0
9.215858936309814,438.0
9.2222740650177,441.0
9.229374885559082,439.0
9.236411094665527,419.0
9.245943069458008,445.0
9.2535240650177,446.0
9.259940147399902,442.0
9.267000198364258,442.0
9.273819208145142,439.0
9.280803203582764,445.0
9.290886163711548,437.0
9.297926902770996,443.0
9.307927131652832,444.0
9.31418228149414,421.0
9.324077129364014,447.0
9.330288171768188,444.0
9.336772203445435,418.0
9.343033075332642,447.0
9.349642992019653,444.0
9.356190919876099,450.0
9.365296840667725,444.0
9.371620178222656,445.0
9.37791895866394,443.0
9.384699821472168,449.0
9.39155101776123,428.0
9.397983074188232,440.0
9.407078266143799,447.0
9.413249015808105,442.0
9.420281171798706,439.0
9.426628112792969,439.0
9.432668924331665,433.0
9.439100980758667,410.0
9.448970079421997,430.0
9.455713987350464,433.0
9.465902090072632,432.0
9.472164154052734,438.0
9.478618144989014,434.0
9.485454082489014,433.0
9.494365930557251,429.0
9.501467943191528,437.0
9.50741195678711,435.0
9.514214277267456,430.0
9.523864030838013,435.0
9.529941082000732,435.0
9.536185026168823,394.0
9.542908906936646,435.0
9.549312114715576,431.0
9.555370092391968,437.0
9.562424182891846,435.0
9.569348096847534,435.0
9.57616400718689,436.0
9.582942962646484,439.0
9.58963418006897,437.0
9.599364042282104,441.0
9.606404066085815,432.0
9.612927913665771,417.0
9.618995904922485,435.0
9.628079175949097,442.0
9.635353088378906,439.0
9.641705989837646,435.0
9.64837908744812,415.0
9.655311107635498,440.0
9.662223100662231,448.0
9.66938591003418,453.0
9.677939891815186,432.0
9.684828996658325,431.0
9.691375017166138,454.0
9.698389053344727,448.0
9.704998254776001,458.0
9.71169400215149,449.0
9.717926263809204,446.0
9.724131107330322,445.0
9.730869054794312,432.0
9.741176128387451,452.0
9.747537851333618,442.0
9.757431983947754,447.0
9.763967037200928,453.0
9.770796060562134,451.0
9.77730107307434,445.0
9.786521196365356,451.0
9.793510913848877,451.0
9.802759885787964,450.0
9.809712171554565,454.0
9.816045045852661,452.0
9.822123050689697,451.0
9.828670978546143,456.0
9.834756135940552,455.0
9.840511083602905,447.0
9.848166227340698,452.0
9.854612112045288,454.0
9.86098313331604,455.0
9.869476079940796,454.0
9.876115083694458,462.0
9.882875919342041,461.0
9.889845132827759,460.0
9.89891505241394,468.0
9.904832124710083,467.0
9.91102409362793,472.0
9.919376134872437,482.0
9.926384210586548,461.0
9.93318510055542,457.0
9.940160989761353,457.0
9.946745157241821,451.0
9.95373010635376,450.0
9.96047306060791,427.0
9.969578981399536,455.0
9.976626873016357,433.0
9.983304023742676,426.0
9.989866018295288,447.0
9.99949598312378,439.0
10.00626516342163,409.0
10.016048908233643,438.0
10.022536993026733,435.0
10.032639026641846,423.0
10.039544105529785,440.0
10.049190282821655,438.0
10.055307149887085,440.0
10.06246304512024,447.0
10.06855821609497,443.0
10.074384212493896,443.0
10.080758094787598,445.0
10.090265035629272,443.0
10.097123146057129,452.0
10.103835821151733,445.0
10.110404014587402,446.0
10.116504192352295,449.0
10.122205972671509,452.0
10.128450155258179,444.0
10.134392023086548,444.0
10.14101505279541,440.0
10.147100925445557,435.0
10.153790950775146,436.0
10.161038160324097,410.0
10.167902946472168,433.0
10.173827171325684,416.0
10.180360078811646,431.0
10.187491178512573,435.0
10.194308042526245,428.0
10.202972888946533,435.0
10.20953917503357,440.0
10.215271949768066,442.0
10.221861124038696,418.0
10.228870153427124,443.0
10.235538005828857,443.0
10.244364023208618,436.0
10.251725196838379,435.0
10.257930994033813,443.0
10.264888048171997,431.0
10.27468204498291,436.0
10.281748056411743,442.0
10.291002035140991,439.0
10.297639846801758,436.0
10.307271003723145,435.0
10.314096927642822,441.0
10.324275970458984,440.0
10.330940008163452,438.0
10.340394973754883,441.0
10.346920013427734,440.0
10.353623151779175,443.0
10.359723091125488,441.0
10.366704940795898,448.0
10.373595237731934,446.0
10.38045597076416,448.0
10.387214183807373,445.0
10.394114017486572,419.0
10.403174877166748,441.0
10.409718036651611,436.0
10.415603876113892,440.0
10.42172384262085,435.0
10.428699970245361,435.0
10.434938192367554,447.0
10.440857172012329,446.0
10.446721076965332,442.0
10.45342493057251,442.0
10.459652185440063,444.0
10.467155933380127,454.0
10.473845958709717,420.0
10.48036503791809,445.0
10.486756086349487,436.0
10.493382930755615,439.0
10.500030040740967,434.0
10.506442070007324,429.0
10.51587724685669,429.0
10.522385835647583,432.0
10.531790018081665,412.0
10.53773307800293,435.0
10.544571876525879,414.0
10.553254842758179,438.0
10.5605309009552,430.0
10.569183111190796,438.0
10.576651096343994,444.0
10.583328008651733,443.0
10.589157104492188,438.0
10.599143981933594,443.0
10.605118989944458,438.0
10.611460208892822,436.0
10.618242025375366,434.0
10.624998092651367,437.0
10.631805896759033,435.0
10.638200044631958,441.0
10.644484043121338,440.0
10.652829885482788,445.0
10.659430980682373,419.0
10.66614294052124,442.0
10.67252516746521,425.0
10.682362079620361,445.0
10.688812017440796,424.0
10.69668984413147,441.0
10.70339298248291,447.0
10.710159063339233,445.0
10.71747612953186,439.0
10.7240891456604,443.0
10.730523824691772,452.0
10.737468004226685,451.0
10.744867086410522,436.0
10.751678943634033,456.0
10.758117198944092,453.0
10.764999866485596,452.0
10.772074937820435,445.0
10.779752969741821,444.0
10.78770899772644,441.0
10.794878959655762,440.0
10.80181097984314,444.0
10.811101913452148,445.0
10.818773031234741,451.0
10.828027963638306,456.0
10.835451126098633,453.0
10.845092058181763,451.0
10.853528022766113,457.0
10.860712051391602,451.0
10.870086908340454,456.0
10.877583026885986,457.0
10.887017965316772,469.0
10.893723249435425,463.0
10.902693033218384,462.0
10.91011095046997,439.0
10.916165113449097,465.0
10.922616004943848,456.0
10.932646989822388,460.0
10.940099000930786,451.0
10.946331977844238,460.0
10.953092098236084,455.0
10.959563970565796,454.0
10.96560788154602,452.0
10.972325086593628,450.0
10.982936143875122,450.0
10.989595890045166,453.0
10.999788999557495,449.0
11.006780862808228,448.0
11.013524055480957,458.0
11.02003812789917,465.0
11.027046203613281,447.0
11.03634786605835,444.0
11.043888807296753,442.0
11.050135135650635,440.0
11.057100057601929,440.0
11.063884019851685,446.0
11.070574045181274,449.0
11.0778648853302,432.0
11.084505081176758,448.0
11.090605020523071,444.0
11.096690893173218,443.0
11.103418111801147,439.0
11.110042095184326,432.0
11.116328954696655,439.0
11.12256908416748,429.0
11.132464170455933,427.0
11.139806032180786,440.0
11.146391153335571,400.0
11.153433084487915,428.0
11.161540031433105,425.0
11.170321941375732,430.0
11.177348136901855,432.0
11.183115005493164,413.0
11.190010070800781,434.0
11.196491003036499,433.0
11.203197002410889,421.0
11.2096529006958,437.0
11.216295957565308,435.0
11.222949028015137,433.0
11.232197046279907,433.0
11.238818168640137,430.0
11.245182037353516,429.0
11.252032995223999,429.0
11.260503053665161,433.0
11.269142150878906,434.0
11.27805209159851,434.0
11.284890174865723,441.0
11.291546106338501,433.0
11.298241138458252,436.0
11.304303169250488,446.0
11.311115026473999,442.0
11.319470167160034,448.0
11.326431035995483,442.0
11.332905054092407,442.0
11.339184045791626,453.0
11.348576068878174,442.0
11.354490041732788,440.0
11.361105918884277,446.0
11.369441986083984,443.0
11.376155138015747,442.0
11.381959915161133,450.0
11.388437986373901,451.0
11.39503788948059,446.0
11.401823997497559,446.0
11.408070087432861,451.0
11.413810014724731,450.0
11.420375108718872,455.0
11.426648139953613,463.0
11.433216094970703,455.0
11.439114093780518,461.0
11.447510004043579,455.0
11.456774950027466,454.0
11.46284008026123,451.0
11.469336032867432,445.0
11.477427005767822,448.0
11.484384059906006,448.0
11.490601062774658,439.0
11.496631145477295,453.0
11.502940893173218,450.0
11.509512901306152,458.0
11.516110181808472,454.0
11.522013902664185,463.0
11.528472185134888,455.0
11.535076141357422,467.0
11.543689966201782,469.0
11.552694082260132,467.0
11.559762954711914,461.0
11.565595149993896,458.0
11.571687936782837,448.0
11.577850103378296,455.0
11.585723876953125,449.0
11.593000888824463,446.0
11.598814010620117,445.0
11.60524320602417,457.0
11.611999988555908,439.0
11.618088006973267,421.0
11.624531984329224,446.0
11.630917072296143,438.0
11.640209913253784,440.0
11.645979881286621,433.0
11.652032136917114,447.0
11.66106390953064,438.0
11.668245077133179,441.0
11.674269914627075,452.0
11.680280208587646,443.0
11.68713903427124,436.0
11.693921089172363,435.0
11.702433109283447,439.0
11.709220170974731,432.0
11.7153799533844,431.0
11.721490859985352,442.0
11.727716207504272,424.0
11.735933065414429,427.0
11.743054151535034,445.0
11.749414920806885,442.0
11.756575107574463,445.0
11.763447046279907,442.0
11.770535945892334,448.0
11.777863025665283,437.0
11.784955978393555,415.0
11.791393995285034,435.0
11.798595190048218,430.0
11.808454275131226,448.0
11.815201997756958,437.0
11.82540488243103,442.0
11.832524061203003,424.0
11.83989405632019,444.0
11.849975109100342,440.0
11.855954885482788,439.0
11.865666151046753,441.0
11.871547222137451,447.0
11.877754211425781,441.0
11.884315967559814,440.0
11.890419960021973,443.0
11.896124839782715,446.0
11.902650117874146,441.0
11.91109824180603,441.0
11.918239116668701,445.0
11.924102067947388,443.0
11.930023908615112,450.0
11.93672490119934,444.0
11.94332218170166,431.0
11.949543952941895,449.0
11.955958127975464,449.0
11.964962005615234,428.0
11.974127054214478,453.0
11.980539083480835,451.0
11.987003087997437,453.0
11.99347996711731,454.0
11.999770164489746,455.0
12.006619215011597,451.0
12.013414859771729,453.0
12.019819974899292,459.0
12.026321172714233,454.0
12.032536029815674,450.0
12.038713216781616,459.0
12.045154094696045,452.0
12.051424980163574,455.0
12.057979106903076,457.0
12.064249038696289,435.0
12.073721170425415,455.0
12.080247163772583,454.0
12.087024211883545,449.0
12.09374213218689,452.0
12.10262393951416,445.0
12.11228609085083,448.0
12.119422912597656,446.0
12.127702951431274,443.0
12.134675025939941,423.0
12.141150951385498,446.0
12.146992206573486,441.0
12.15293002128601,444.0
12.161423206329346,458.0
12.170352935791016,454.0
12.177518129348755,454.0
12.186458110809326,452.0
12.193981885910034,447.0
12.202700138092041,444.0
12.209824085235596,446.0
12.215837001800537,418.0
12.221686124801636,445.0
12.227917194366455,439.0
12.23489785194397,440.0
12.241281986236572,435.0
12.247061967849731,437.0
12.253574132919312,447.0
12.25990605354309,427.0
12.265751123428345,447.0
12.271756172180176,442.0
12.278078079223633,454.0
12.286497116088867,449.0
12.294080018997192,445.0
12.302735090255737,443.0
12.311888217926025,447.0
12.318971157073975,446.0
12.328330039978027,444.0
12.335299015045166,451.0
12.34421706199646,440.0
12.351787090301514,439.0
12.360776901245117,443.0
12.367729902267456,448.0
12.374768257141113,445.0
12.381467819213867,448.0
12.390854120254517,443.0
12.397227048873901,438.0
12.40349793434143,445.0
12.40942096710205,428.0
12.415212154388428,456.0
12.421185970306396,455.0
12.428461074829102,455.0
12.435101985931396,462.0
12.441222906112671,460.0
12.44746208190918,455.0
12.457552194595337,464.0
12.463726043701172,462.0
12.470560073852539,463.0
12.477506160736084,460.0
12.486752986907959,455.0
12.4949471950531,455.0
12.501583099365234,463.0
12.507625102996826,450.0
12.514556884765625,449.0
12.525190114974976,457.0
12.532499074935913,453.0
12.53898811340332,452.0
12.549404859542847,454.0
12.55672287940979,456.0
12.56704306602478,454.0
12.574437141418457,433.0
12.58125114440918,460.0
12.590434074401855,458.0
12.596745014190674,459.0
12.603599071502686,466.0
12.610771894454956,467.0
12.619852066040039,466.0
12.627259254455566,461.0
12.636145830154419,463.0
12.643718957901001,452.0
12.652912139892578,451.0
12.66033411026001,450.0
12.669376134872437,443.0
12.676893949508667,451.0
12.68271517753601,444.0
12.689253091812134,438.0
12.699169158935547,439.0
12.705812931060791,448.0
12.715625047683716,446.0
12.723013162612915,420.0
12.73310112953186,442.0
12.739975929260254,446.0
12.7499680519104,444.0
12.756983041763306,444.0
12.763283014297485,444.0
12.770403146743774,444.0
12.7779221534729,442.0
12.785453081130981,450.0
12.792850017547607,444.0
12.800444841384888,441.0
12.808199882507324,446.0
12.816999912261963,443.0
12.825175046920776,439.0
12.832269191741943,444.0
12.839700937271118,421.0
12.850726842880249,447.0
12.857599020004272,443.0
12.863579988479614,441.0
12.870475053787231,441.0
12.877627849578857,438.0
12.884490013122559,450.0
12.891107082366943,449.0
12.898545980453491,450.0
12.90541410446167,425.0
12.91297197341919,448.0
12.9200918674469,448.0
12.926141023635864,450.0
12.933664083480835,455.0
12.940305948257446,456.0
12.947907209396362,453.0
12.957681894302368,455.0
12.965177059173584,461.0
12.971873044967651,460.0
12.978746175765991,453.0
12.985380172729492,434.0
12.99415922164917,450.0
13.001259088516235,451.0
13.007303953170776,462.0
13.013912200927734,456.0
13.020656824111938,453.0
13.027352094650269,453.0
13.035990953445435,456.0
13.042964935302734,453.0
13.049742221832275,459.0
13.056454181671143,452.0
13.063658952713013,451.0
13.07100224494934,457.0
13.078596115112305,456.0
13.084913969039917,465.0
13.090809106826782,462.0
13.097337007522583,470.0
13.107226133346558,463.0
13.11405324935913,482.0
13.124056100845337,466.0
13.130300045013428,462.0
13.13659405708313,469.0
13.143373012542725,463.0
13.149615049362183,438.0
13.156168937683105,460.0
13.165707111358643,459.0
13.172032117843628,463.0
13.178844928741455,461.0
13.18500304222107,459.0
13.191374063491821,465.0
13.198324918746948,457.0
13.205221176147461,452.0
13.212184190750122,454.0
13.218837976455688,451.0
13.227718830108643,448.0
13.234904050827026,443.0
13.244159936904907,426.0
13.251483917236328,439.0
13.25814700126648,438.0
13.264544010162354,446.0
13.273904085159302,443.0
13.280277967453003,437.0
13.286574125289917,440.0
13.293411016464233,442.0
13.302242040634155,441.0
13.311646938323975,440.0
13.318689107894897,445.0
13.328125,441.0
13.335288047790527,441.0
13.341227054595947,437.0
13.347994089126587,443.0
13.357372999191284,432.0
13.363553047180176,444.0
13.369884014129639,449.0
13.376445055007935,447.0
13.383133888244629,446.0
13.389778852462769,442.0
13.399955034255981,440.0
13.406475067138672,435.0
13.412753105163574,436.0
13.420022010803223,407.0
13.426982879638672,413.0
13.435921907424927,429.0
13.442815065383911,429.0
13.449763059616089,428.0
13.45660400390625,429.0
13.46600604057312,431.0
13.472920179367065,432.0
13.482474088668823,435.0
13.488839864730835,437.0
13.498801946640015,447.0
13.505228996276855,449.0
13.511559963226318,454.0
13.51770305633545,450.0
13.52462911605835,452.0
13.531476974487305,450.0
13.540685176849365,448.0
13.546741962432861,457.0
13.553009033203125,456.0
13.559186935424805,454.0
13.5657479763031,452.0
13.572091102600098,452.0
13.578480243682861,446.0
13.584938049316406,450.0
13.590915203094482,454.0
13.59706711769104,451.0
13.603466987609863,455.0
13.61041522026062,456.0
13.619845151901245,448.0
13.627302169799805,431.0
13.636036157608032,460.0
13.643458127975464,453.0
13.652952194213867,456.0
13.660410165786743,455.0
13.669377088546753,453.0
13.676125049591064,450.0
13.683149099349976,457.0
13.689862966537476,451.0
13.69957709312439,457.0
13.705930948257446,459.0
13.715869903564453,449.0
13.722235918045044,464.0
13.728498935699463,469.0
13.734801292419434,458.0
13.741416931152344,471.0
13.747261047363281,464.0
13.756947040557861,462.0
13.763036966323853,463.0
13.769153118133545,451.0
13.777972936630249,445.0
13.785377025604248,447.0
13.794501066207886,451.0
13.801758050918579,451.0
13.80776596069336,442.0
13.814809083938599,456.0
13.824443817138672,452.0
13.830572128295898,454.0
13.8368399143219,451.0
13.843671083450317,447.0
13.849917888641357,459.0
13.855914115905762,458.0
13.865126132965088,458.0
13.871756076812744,450.0
13.878528118133545,456.0
13.884551048278809,435.0
13.89118480682373,455.0
13.89811897277832,463.0
13.907177925109863,457.0
13.913272142410278,458.0
13.919840097427368,453.0
13.92593789100647,457.0
13.932043075561523,451.0
13.938701152801514,440.0
13.946511030197144,450.0
13.954363107681274,449.0
13.961677074432373,425.0
13.968400239944458,449.0
13.975110054016113,449.0
13.981822967529297,455.0
13.98870301246643,457.0
13.995899200439453,452.0
14.003949165344238,454.0
14.01145601272583,457.0
14.017574071884155,457.0
14.024387121200562,460.0
14.031183242797852,437.0
14.041146039962769,465.0
14.048480033874512,456.0
14.054865837097168,461.0
14.06163501739502,458.0
14.068433284759521,458.0
14.07482385635376,463.0
14.081372022628784,463.0
14.087639093399048,461.0
14.0940420627594,448.0
14.103708028793335,465.0
14.111428022384644,456.0
14.117976188659668,447.0
14.124514102935791,462.0
14.130715131759644,462.0
14.141009092330933,462.0
14.148069143295288,462.0
14.15790319442749,467.0
14.164509057998657,492.0
14.17418909072876,438.0
14.181295156478882,461.0
14.191503047943115,463.0
14.199035882949829,471.0
14.205615043640137,464.0
14.21590805053711,459.0
14.223284006118774,461.0
14.233092069625854,463.0
14.240774154663086,461.0
14.247875213623047,437.0
14.255419254302979,458.0
14.262618064880371,466.0
14.269788980484009,476.0
14.277007102966309,472.0
14.285952091217041,471.0
14.295311212539673,479.0
14.302054166793823,455.0
14.30967903137207,480.0
14.31709909439087,471.0
14.32467007637024,474.0
14.332646131515503,470.0
14.340249061584473,463.0
14.346459865570068,462.0
14.354349136352539,466.0
14.362243175506592,449.0
14.369837045669556,456.0
14.376216173171997,462.0
14.38243293762207,461.0
14.388969898223877,458.0
14.39916706085205,460.0
14.405717134475708,452.0
14.415088176727295,435.0
14.42097520828247,453.0
14.427728176116943,433.0
14.43471097946167,445.0
14.441100120544434,454.0
14.447398900985718,447.0
14.45684814453125,447.0
14.4635009765625,449.0
14.470469236373901,448.0
14.477788925170898,422.0
14.484586000442505,458.0
14.491657018661499,454.0
14.498219966888428,461.0
14.507858037948608,460.0
14.514801025390625,442.0
14.5210440158844,465.0
14.527215242385864,461.0
14.536427021026611,434.0
14.544365167617798,462.0
14.553648948669434,454.0
14.561301946640015,455.0
14.570508003234863,429.0
14.578492879867554,454.0
14.58529806137085,450.0
14.594799041748047,453.0
14.60278606414795,455.0
14.60939908027649,455.0
14.616023063659668,456.0
14.623203039169312,454.0
14.631302118301392,459.0
14.641736030578613,464.0
14.648468017578125,460.0
14.655669927597046,461.0
14.666635990142822,463.0
14.673511981964111,460.0
14.680596113204956,460.0
14.68761396408081,463.0
14.694459915161133,467.0
14.702405214309692,466.0
14.709726095199585,465.0
14.720415115356445,462.0
14.7272629737854,460.0
14.734199047088623,461.0
14.741677045822144,465.0
14.74848198890686,465.0
14.757008075714111,461.0
14.764013051986694,470.0
14.775150060653687,460.0
14.782224178314209,466.0
14.788692951202393,463.0
14.796218156814575,467.0
14.80302906036377,462.0
14.809222936630249,458.0
14.815762996673584,470.0
14.823210954666138,462.0
14.830639123916626,463.0
14.841081142425537,469.0
14.848398208618164,474.0
14.854957103729248,471.0
14.86224889755249,448.0
14.868665218353271,470.0
14.87841510772705,474.0
14.88581395149231,460.0
14.894647121429443,470.0
14.90189504623413,463.0
14.911611080169678,468.0
14.919198989868164,457.0
14.925764083862305,465.0
14.932209014892578,461.0
14.93893313407898,471.0
14.945877075195312,463.0
14.952122211456299,458.0
14.96074104309082,461.0
14.968785285949707,462.0
14.977773189544678,464.0
14.98549509048462,441.0
14.994590997695923,467.0
15.00125503540039,459.0
15.007796049118042,434.0
15.014548063278198,430.0
15.024101257324219,458.0
15.030396938323975,447.0
15.03675103187561,446.0
15.042681217193604,445.0
15.049386978149414,447.0
15.056318998336792,442.0
15.065744161605835,442.0
15.072570085525513,448.0
15.082641839981079,427.0
15.089246988296509,440.0
15.099283933639526,456.0
15.105463027954102,454.0
15.112093925476074,459.0
15.11852502822876,459.0
15.128184080123901,459.0
15.135549068450928,454.0
15.144590139389038,451.0
15.151508092880249,451.0
15.157559156417847,453.0
15.164083003997803,449.0
15.173734903335571,451.0
15.180308103561401,450.0
15.187771081924438,456.0
15.194530010223389,455.0
15.20120906829834,455.0
15.207835912704468,455.0
15.21458888053894,459.0
15.223515272140503,456.0
15.229723930358887,437.0
15.236170053482056,462.0
15.244055986404419,457.0
15.251195192337036,460.0
15.25730299949646,464.0
15.263540029525757,459.0
15.270201206207275,456.0
15.27735710144043,460.0
15.286170244216919,457.0
15.293500900268555,456.0
15.299910068511963,462.0
15.306777000427246,463.0
15.31336498260498,463.0
15.319880962371826,467.0
15.327028036117554,466.0
15.336241006851196,459.0
15.343510150909424,460.0
15.349441051483154,461.0
15.355627059936523,462.0
15.365531921386719,459.0
15.371975898742676,466.0
15.379162073135376,462.0
15.386260032653809,465.0
15.392794132232666,467.0
15.39949893951416,460.0
15.407158136367798,464.0
15.413617849349976,465.0
15.420197248458862,467.0
15.428006887435913,467.0
15.435046911239624,473.0
15.4447340965271,466.0
15.451662063598633,464.0
15.458146095275879,472.0
15.465764045715332,464.0
15.472219228744507,463.0
15.479757070541382,456.0
15.486773014068604,473.0
15.493504047393799,450.0
15.50295090675354,453.0
15.51078200340271,446.0
15.520297050476074,447.0
15.52854609489441,435.0
15.534739017486572,452.0
15.541853904724121,450.0
15.548571825027466,457.0
15.556260108947754,458.0
15.563342094421387,454.0
15.570019006729126,451.0
15.57642388343811,453.0
15.582811832427979,463.0
15.589502096176147,452.0
15.598897933959961,451.0
15.6062650680542,451.0
15.616090059280396,443.0
15.623094081878662,453.0
15.632652997970581,451.0
15.63923716545105,450.0
15.649206161499023,460.0
15.6563241481781,462.0
15.666051149368286,461.0
15.673182010650635,454.0
15.679723978042603,460.0
15.686366081237793,435.0
15.69239616394043,459.0
15.699265003204346,458.0
15.706382036209106,460.0
15.712934970855713,457.0
15.71987009048462,457.0
15.726600885391235,460.0
15.732623100280762,461.0
15.738722085952759,464.0
15.745102167129517,469.0
15.751415014266968,468.0
15.75807785987854,446.0
15.764616012573242,472.0
15.773806095123291,469.0
15.780251264572144,470.0
15.786853075027466,468.0
15.793031930923462,461.0
15.79938006401062,458.0
15.806916236877441,455.0
15.813517093658447,456.0
15.820845127105713,451.0
15.827476024627686,439.0
15.8366219997406,457.0
15.843334197998047,450.0
15.84990906715393,469.0
15.85573410987854,467.0
15.891409158706665,468.0
